release_season,mean,sem
Holiday,50722495.04815409,3407270.1523673343
Other,39928078.345963754,1352419.195435802
Summer,74580733.4873222,3456559.2197077065
